Species	Accession	EditSite	GenomePosOfStart
APMV-10	NC_025349	CUUAAAAAGGGCACUG	2095
APMV-2	KT071757	GUUAAAAAGGGGAAGG	2083
APMV-8	NC_025374	AUUAAAAAGGGCCCUC	2095
APMV-11	NC_025407	UUUAAGAAGGGGGUCG	2334
APMV-5	NC_025361	UUAAAAAAGGGCCCAG	2359
APMV-6	KP762799	UCAAAAAAGGGGAAAG	2146
APMV-7	NC_025347	UUAAAAAAGGGUUAGU	2150
APMV-12	NC_025363	CUAAAAAAGGGAUCAU	2325
APMV-13	KU646513	CUAAAAAAGGGCAGAU	2319
APMV-9	NC_025390	CUAAAAAAGGGCUCAA	2319
NDV	GU978777	GCUAAAAAGGGCCCAU	2277
APV-A	NC_039017	UUAAAAAAGGGGUCAA	2105
APV-B	NC_039018	UUAAAAAAGGGGUCAA	2116
APV-C	NC_039019	UUAAAAAAGGGUCAGA	2154
APMV-3	EU403085	UUUUUAAAGGGGGCCC	2076
APMV-4	KC439346	CUUUUAAAGGGGGGCC	2052
AchPV-1	NC_025403	AUUUAAGAGGGGGGUU	2438
AchPV-2	NC_025404	UUUUAAGAGGGGGAGA	2402
SosPV	NC_025343	CUUUAAGAGGGGGCUG	2378
ThkPV-3	NC_025350	CUUUAAGAGGGGGCGA	2378
ThkPV-1	NC_025410	CUUUAAGAGGGGCAUA	2564
ThkPV-2	NC_025348	UUUUAAGAGGGGGUCU	2414
MenPV	JX112711	AUUUAAGAGGGGGAAA	2426
TevPV	NC_028233	AUUUAAGAGGGGGGAU	2467
TioPV	NC_004074	AUUUAAGAGGGGGAGU	2467
HPIV-2	NC_003443	CUUUAAGAGGGGGGGA	2469
SV-41	NC_006428	CUUUAAGAGGGGGGGA	2449
PIV-5	NC_006430	UUUUAAGAGGGGCAGG	2329
MuV	EU884413	AUUUAAGAGGGGGGCC	2431
MapV	NC_009489	GUUUAAGAGGGGGGCA	2383
PorPV	NC_009640	UUUUAAGAGGGGGGCC	2418
HPIV-4a	NC_021928	AUUUAAGAGGGGGGAA	2487
HPIV-4b	AB543337	AUUUAAGAGGGGGGAA	2487
AnaPV	KJ956408	CGGAGUAAGGGGGGCU	2707
FdlV	NC_005084	AGGAAUAAGGGGGGCU	2707
AsaPV	NC_025360	GUAAAAAAGGCAUAGA	3505
BPIV-3	D84095	UUAAAAAAGGGGUUGG	2496
HPIV-3	EU424062	UUAAAAAAGGGGGAAA	2496
CPIV-3	KT215610	UUAAAAAAGGGAAGAG	2496
SeV	AB039658	ACAAAAAAGGGCAUAG	2783
PPIV-1	NC_025402	GUAAAAAAGGCACAGA	2808
BeiV	NC_007803	UUAAAAAAGGCACCGA	2542
TlmPV	NC_025355	UUAAAAAAGGCACAGA	2536
JPV	NC_007454	UUAAAAAAGGCAUCGA	2524
CDV	AY443350	AUUAAAAAGGGAACAG	2482
PDV	KC802221	AUUAAAAAGGGCACAG	2482
CeMV	NC_005283	AUUAAAAAGGGCACAG	2482
MeV	AF266291	AUUAAAAAGGGCACAG	2488
RPV	X98291	AUUAAAAAGGGCACAG	2488
PPRV	KP868655	AUUAAAAAGGGGCACA	2487
FeMV	KR014147	CAUUAAAAGGGGCCAC	2448
SalPV	JQ697837	AUUAAAAAGGGGUCUC	2617
MojV	NC_025352	UUAAAAAAGGCAUCGA	3401
NarPV	NC_017937	UACUAAAAGGGGCAUA	2390
TupPV	NC_002199	UUAAAAAAGGCAUCGG	2812
HeV	HM044319	AUUAAAAAGGGCACAG	3591
NiV	NC_002728	AUUAAAAAGGGCACAG	3615
GH-M74a	NC_025256	AACUAAAAGGGGCAUA	3753
MosPV	NC_005339	GACUAAAAGGGGCAUA	2618

